hostname,os,enviroment,country,node
ASESP001,AIX,Staging,Spain,1
HPIRL001,HP-UX,Production,Ireland,1
LPIRL001,Linux,Production,Ireland,1
SDDEU001,Solaris,Development,Germany,1
SIDEU001,Solaris,Integration,Germany,1
APITA001,AIX,Production,Italy,1
STESP001,Solaris,Testing,Spain,1
ATFRA001,AIX,Testing,France,1
HPIRL002,HP-UX,Production,Ireland,2
HTDEU001,HP-UX,Testing,Germany,1
ATNOR001,AIX,Testing,Norway,1
LPITA001,Linux,Production,Italy,1
LPDEU001,Linux,Production,Germany,1
LSITA001,Linux,Staging,Italy,1
LTIRL001,Linux,Testing,Ireland,1
HDFRA001,HP-UX,Development,France,1
LPDEU002,Linux,Production,Germany,2
LDNOR001,Linux,Development,Norway,1
ADDEU001,AIX,Development,Germany,1
LPESP001,Linux,Production,Spain,1
ATIRL001,AIX,Testing,Ireland,1
STDEU001,Solaris,Testing,Germany,1
LIFRA001,Linux,Integration,France,1
SPIRL001,Solaris,Production,Ireland,1
SPESP001,Solaris,Production,Spain,1
HINOR001,HP-UX,Integration,Norway,1
ASIRL001,AIX,Staging,Ireland,1
LPIRL002,Linux,Production,Ireland,2
SIIRL001,Solaris,Integration,Ireland,1
ASIRL002,AIX,Staging,Ireland,2
LPITA002,Linux,Production,Italy,2
LPITA003,Linux,Production,Italy,3
LIESP001,Linux,Integration,Spain,1
LPESP002,Linux,Production,Spain,2
HSFRA001,HP-UX,Staging,France,1
SPESP002,Solaris,Production,Spain,2
LTFRA001,Linux,Testing,France,1
SSDEU001,Solaris,Staging,Germany,1
SPESP003,Solaris,Production,Spain,3
ADDEU002,AIX,Development,Germany,2
LTDEU001,Linux,Testing,Germany,1
HPDEU001,HP-UX,Production,Germany,1
ASITA001,AIX,Staging,Italy,1
ASIRL003,AIX,Staging,Ireland,3
SSIRL001,Solaris,Staging,Ireland,1
LTESP001,Linux,Testing,Spain,1
LTESP002,Linux,Testing,Spain,2
SSIRL002,Solaris,Staging,Ireland,2
HSFRA002,HP-UX,Staging,France,2
APDEU001,AIX,Production,Germany,1
HTIRL001,HP-UX,Testing,Ireland,1
SPDEU001,Solaris,Production,Germany,1
LDDEU001,Linux,Development,Germany,1
LDDEU002,Linux,Development,Germany,2
ASDEU001,AIX,Staging,Germany,1
SSNOR001,Solaris,Staging,Norway,1
APESP001,AIX,Production,Spain,1
SPESP004,Solaris,Production,Spain,4
HTIRL002,HP-UX,Testing,Ireland,2
HTIRL003,HP-UX,Testing,Ireland,3
SSITA001,Solaris,Staging,Italy,1
APIRL001,AIX,Production,Ireland,1
ASITA002,AIX,Staging,Italy,2
STITA001,Solaris,Testing,Italy,1
LPDEU003,Linux,Production,Germany,3
HSESP001,HP-UX,Staging,Spain,1
LSESP001,Linux,Staging,Spain,1
STDEU002,Solaris,Testing,Germany,2
LTITA001,Linux,Testing,Italy,1
LTFRA002,Linux,Testing,France,2
LTITA002,Linux,Testing,Italy,2
SSIRL003,Solaris,Staging,Ireland,3
LTFRA003,Linux,Testing,France,3
LPDEU004,Linux,Production,Germany,4
HSESP002,HP-UX,Staging,Spain,2
HIDEU001,HP-UX,Integration,Germany,1
LTESP003,Linux,Testing,Spain,3
APIRL002,AIX,Production,Ireland,2
SIESP001,Solaris,Integration,Spain,1
LSIRL001,Linux,Staging,Ireland,1
LPESP003,Linux,Production,Spain,3
STDEU003,Solaris,Testing,Germany,3
LPIRL003,Linux,Production,Ireland,3
LIIRL001,Linux,Integration,Ireland,1
LPESP004,Linux,Production,Spain,4
LPIRL004,Linux,Production,Ireland,4
LPDEU005,Linux,Production,Germany,5
HTDEU002,HP-UX,Testing,Germany,2
LSFRA001,Linux,Staging,France,1
SSESP001,Solaris,Staging,Spain,1
APDEU002,AIX,Production,Germany,2
SPESP005,Solaris,Production,Spain,5
HDESP001,HP-UX,Development,Spain,1
STDEU004,Solaris,Testing,Germany,4
SSESP002,Solaris,Staging,Spain,2
SSITA002,Solaris,Staging,Italy,2
SPESP006,Solaris,Production,Spain,6
SPDEU002,Solaris,Production,Germany,2
LPFRA001,Linux,Production,France,1
AIIRL001,AIX,Integration,Ireland,1
ASDEU002,AIX,Staging,Germany,2
SIIRL002,Solaris,Integration,Ireland,2
STFRA001,Solaris,Testing,France,1
ADDEU003,AIX,Development,Germany,3
LIIRL002,Linux,Integration,Ireland,2
LPESP005,Linux,Production,Spain,5
LTIRL002,Linux,Testing,Ireland,2
LTITA003,Linux,Testing,Italy,3
LSDEU001,Linux,Staging,Germany,1
ATDEU001,AIX,Testing,Germany,1
LPIRL005,Linux,Production,Ireland,5
LTESP004,Linux,Testing,Spain,4
AIIRL002,AIX,Integration,Ireland,2
LIITA001,Linux,Integration,Italy,1
ADIRL001,AIX,Development,Ireland,1
LPIRL006,Linux,Production,Ireland,6
SSFRA001,Solaris,Staging,France,1
SPNOR001,Solaris,Production,Norway,1
LPIRL007,Linux,Production,Ireland,7
LSESP002,Linux,Staging,Spain,2
ATITA001,AIX,Testing,Italy,1
LSIRL002,Linux,Staging,Ireland,2
LPFRA002,Linux,Production,France,2
LTDEU002,Linux,Testing,Germany,2
SPITA001,Solaris,Production,Italy,1
SPITA002,Solaris,Production,Italy,2
LPIRL008,Linux,Production,Ireland,8
LSIRL003,Linux,Staging,Ireland,3
SPIRL002,Solaris,Production,Ireland,2
ATESP001,AIX,Testing,Spain,1
SPNOR002,Solaris,Production,Norway,2
AIIRL003,AIX,Integration,Ireland,3
LPIRL009,Linux,Production,Ireland,9
LPITA004,Linux,Production,Italy,4
LIIRL003,Linux,Integration,Ireland,3
ASNOR001,AIX,Staging,Norway,1
LDIRL001,Linux,Development,Ireland,1
LPESP006,Linux,Production,Spain,6
AIESP001,AIX,Integration,Spain,1
LDFRA001,Linux,Development,France,1
ADDEU004,AIX,Development,Germany,4
LPFRA003,Linux,Production,France,3
LIESP002,Linux,Integration,Spain,2
LPESP007,Linux,Production,Spain,7
LPIRL010,Linux,Production,Ireland,10
SDIRL001,Solaris,Development,Ireland,1
LIESP003,Linux,Integration,Spain,3
LSITA002,Linux,Staging,Italy,2
LTESP005,Linux,Testing,Spain,5
ATESP002,AIX,Testing,Spain,2
LTESP006,Linux,Testing,Spain,6
LDESP001,Linux,Development,Spain,1
AIITA001,AIX,Integration,Italy,1
SSDEU002,Solaris,Staging,Germany,2
LPDEU006,Linux,Production,Germany,6
LIDEU001,Linux,Integration,Germany,1
SPIRL003,Solaris,Production,Ireland,3
LTIRL003,Linux,Testing,Ireland,3
LPIRL011,Linux,Production,Ireland,11
HPITA001,HP-UX,Production,Italy,1
SPIRL004,Solaris,Production,Ireland,4
ATIRL002,AIX,Testing,Ireland,2
SDIRL002,Solaris,Development,Ireland,2
LTDEU003,Linux,Testing,Germany,3
ATIRL003,AIX,Testing,Ireland,3
SSDEU003,Solaris,Staging,Germany,3
LIDEU002,Linux,Integration,Germany,2
LSITA003,Linux,Staging,Italy,3
HIIRL001,HP-UX,Integration,Ireland,1
LSESP003,Linux,Staging,Spain,3
APDEU003,AIX,Production,Germany,3
LDDEU003,Linux,Development,Germany,3
STITA002,Solaris,Testing,Italy,2
SPIRL005,Solaris,Production,Ireland,5
LPESP008,Linux,Production,Spain,8
LPIRL012,Linux,Production,Ireland,12
ASIRL004,AIX,Staging,Ireland,4
ADFRA001,AIX,Development,France,1
ATIRL004,AIX,Testing,Ireland,4
LPNOR001,Linux,Production,Norway,1
APIRL003,AIX,Production,Ireland,3
APIRL004,AIX,Production,Ireland,4
LSDEU002,Linux,Staging,Germany,2
APESP002,AIX,Production,Spain,2
AIITA002,AIX,Integration,Italy,2
LIDEU003,Linux,Integration,Germany,3
LDESP002,Linux,Development,Spain,2
SIDEU002,Solaris,Integration,Germany,2
AIITA003,AIX,Integration,Italy,3
LSIRL004,Linux,Staging,Ireland,4
LTIRL004,Linux,Testing,Ireland,4
LPDEU007,Linux,Production,Germany,7
STDEU005,Solaris,Testing,Germany,5
SSITA003,Solaris,Staging,Italy,3
LSFRA002,Linux,Staging,France,2
SDDEU002,Solaris,Development,Germany,2
STIRL001,Solaris,Testing,Ireland,1
APITA002,AIX,Production,Italy,2
SSITA004,Solaris,Staging,Italy,4
STDEU006,Solaris,Testing,Germany,6
SSIRL004,Solaris,Staging,Ireland,4
LPIRL013,Linux,Production,Ireland,13
HTFRA001,HP-UX,Testing,France,1
LDIRL002,Linux,Development,Ireland,2
LTIRL005,Linux,Testing,Ireland,5
LTIRL006,Linux,Testing,Ireland,6
LPIRL014,Linux,Production,Ireland,14
ASITA003,AIX,Staging,Italy,3
SPIRL006,Solaris,Production,Ireland,6
SPIRL007,Solaris,Production,Ireland,7
LPESP009,Linux,Production,Spain,9
SPIRL008,Solaris,Production,Ireland,8
SSESP003,Solaris,Staging,Spain,3
LPIRL015,Linux,Production,Ireland,15
ASDEU003,AIX,Staging,Germany,3
LPDEU008,Linux,Production,Germany,8
APITA003,AIX,Production,Italy,3
LPIRL016,Linux,Production,Ireland,16
LSITA004,Linux,Staging,Italy,4
ASIRL005,AIX,Staging,Ireland,5
LDDEU004,Linux,Development,Germany,4
LPFRA004,Linux,Production,France,4
SDIRL003,Solaris,Development,Ireland,3
ADDEU005,AIX,Development,Germany,5
STIRL002,Solaris,Testing,Ireland,2
HIESP001,HP-UX,Integration,Spain,1
STDEU007,Solaris,Testing,Germany,7
ATDEU002,AIX,Testing,Germany,2
SDNOR001,Solaris,Development,Norway,1
LDNOR002,Linux,Development,Norway,2
LSITA005,Linux,Staging,Italy,5
LPIRL017,Linux,Production,Ireland,17
LSITA006,Linux,Staging,Italy,6
AIITA004,AIX,Integration,Italy,4
HTDEU003,HP-UX,Testing,Germany,3
SPIRL009,Solaris,Production,Ireland,9
AIITA005,AIX,Integration,Italy,5
HTDEU004,HP-UX,Testing,Germany,4
SDESP001,Solaris,Development,Spain,1
LSESP004,Linux,Staging,Spain,4
LSDEU003,Linux,Staging,Germany,3
LSESP005,Linux,Staging,Spain,5
HSDEU001,HP-UX,Staging,Germany,1
SDIRL004,Solaris,Development,Ireland,4
ASESP002,AIX,Staging,Spain,2
SIIRL003,Solaris,Integration,Ireland,3
SPNOR003,Solaris,Production,Norway,3
STESP002,Solaris,Testing,Spain,2
ADDEU006,AIX,Development,Germany,6
SPDEU003,Solaris,Production,Germany,3
SSDEU004,Solaris,Staging,Germany,4
HTDEU005,HP-UX,Testing,Germany,5
ATIRL005,AIX,Testing,Ireland,5
ATDEU003,AIX,Testing,Germany,3
SPESP007,Solaris,Production,Spain,7
STITA003,Solaris,Testing,Italy,3
LPFRA005,Linux,Production,France,5
LSFRA003,Linux,Staging,France,3
SPFRA001,Solaris,Production,France,1
SPITA003,Solaris,Production,Italy,3
ASIRL006,AIX,Staging,Ireland,6
ASITA004,AIX,Staging,Italy,4
LTNOR001,Linux,Testing,Norway,1
LTFRA004,Linux,Testing,France,4
LIDEU004,Linux,Integration,Germany,4
HTDEU006,HP-UX,Testing,Germany,6
APITA004,AIX,Production,Italy,4
APDEU004,AIX,Production,Germany,4
ASESP003,AIX,Staging,Spain,3
LSNOR001,Linux,Staging,Norway,1
LTIRL007,Linux,Testing,Ireland,7
LDNOR003,Linux,Development,Norway,3
ASDEU004,AIX,Staging,Germany,4
SSIRL005,Solaris,Staging,Ireland,5
LPIRL018,Linux,Production,Ireland,18
LTIRL008,Linux,Testing,Ireland,8
LIIRL004,Linux,Integration,Ireland,4
STIRL003,Solaris,Testing,Ireland,3
HPITA002,HP-UX,Production,Italy,2
LSDEU004,Linux,Staging,Germany,4
SSESP004,Solaris,Staging,Spain,4
LSIRL005,Linux,Staging,Ireland,5
SPIRL010,Solaris,Production,Ireland,10
ATESP003,AIX,Testing,Spain,3
HPITA003,HP-UX,Production,Italy,3
SDNOR002,Solaris,Development,Norway,2
LTITA004,Linux,Testing,Italy,4
ATIRL006,AIX,Testing,Ireland,6
HPDEU002,HP-UX,Production,Germany,2
LSNOR002,Linux,Staging,Norway,2
STDEU008,Solaris,Testing,Germany,8
LTNOR002,Linux,Testing,Norway,2
LPIRL019,Linux,Production,Ireland,19
LTIRL009,Linux,Testing,Ireland,9
SIIRL004,Solaris,Integration,Ireland,4
ASITA005,AIX,Staging,Italy,5
LIDEU005,Linux,Integration,Germany,5
HDIRL001,HP-UX,Development,Ireland,1
ATDEU004,AIX,Testing,Germany,4
ATDEU005,AIX,Testing,Germany,5
LDITA001,Linux,Development,Italy,1
LTIRL010,Linux,Testing,Ireland,10
LPESP010,Linux,Production,Spain,10
SDIRL005,Solaris,Development,Ireland,5
LSDEU005,Linux,Staging,Germany,5
SPDEU004,Solaris,Production,Germany,4
STIRL004,Solaris,Testing,Ireland,4
SPDEU005,Solaris,Production,Germany,5
SSNOR002,Solaris,Staging,Norway,2
LTESP007,Linux,Testing,Spain,7
ASIRL007,AIX,Staging,Ireland,7
LTDEU004,Linux,Testing,Germany,4
LTDEU005,Linux,Testing,Germany,5
SPDEU006,Solaris,Production,Germany,6
SSDEU005,Solaris,Staging,Germany,5
AIIRL004,AIX,Integration,Ireland,4
LSDEU006,Linux,Staging,Germany,6
LDIRL003,Linux,Development,Ireland,3
SPESP008,Solaris,Production,Spain,8
ADIRL002,AIX,Development,Ireland,2
LPIRL020,Linux,Production,Ireland,20
ASITA006,AIX,Staging,Italy,6
SPESP009,Solaris,Production,Spain,9
LTFRA005,Linux,Testing,France,5
SPFRA002,Solaris,Production,France,2
SPDEU007,Solaris,Production,Germany,7
SPNOR004,Solaris,Production,Norway,4
SPIRL011,Solaris,Production,Ireland,11
HPIRL003,HP-UX,Production,Ireland,3
APITA005,AIX,Production,Italy,5
LTITA005,Linux,Testing,Italy,5
LDITA002,Linux,Development,Italy,2
LSDEU007,Linux,Staging,Germany,7
LTIRL011,Linux,Testing,Ireland,11
SDDEU003,Solaris,Development,Germany,3
LIITA002,Linux,Integration,Italy,2
APDEU005,AIX,Production,Germany,5
HSIRL001,HP-UX,Staging,Ireland,1
LSITA007,Linux,Staging,Italy,7
LTFRA006,Linux,Testing,France,6
LSITA008,Linux,Staging,Italy,8
SSFRA002,Solaris,Staging,France,2
SSIRL006,Solaris,Staging,Ireland,6
SIITA001,Solaris,Integration,Italy,1
SPIRL012,Solaris,Production,Ireland,12
SSIRL007,Solaris,Staging,Ireland,7
HDITA001,HP-UX,Development,Italy,1
LDIRL004,Linux,Development,Ireland,4
LTDEU006,Linux,Testing,Germany,6
STNOR001,Solaris,Testing,Norway,1
SPITA004,Solaris,Production,Italy,4
SDITA001,Solaris,Development,Italy,1
HSDEU002,HP-UX,Staging,Germany,2
LSESP006,Linux,Staging,Spain,6
SSIRL008,Solaris,Staging,Ireland,8
STIRL005,Solaris,Testing,Ireland,5
LIIRL005,Linux,Integration,Ireland,5
ATDEU006,AIX,Testing,Germany,6
LDFRA002,Linux,Development,France,2
SSITA005,Solaris,Staging,Italy,5
LSDEU008,Linux,Staging,Germany,8
STIRL006,Solaris,Testing,Ireland,6
ADESP001,AIX,Development,Spain,1
HPFRA001,HP-UX,Production,France,1
SDIRL006,Solaris,Development,Ireland,6
LTDEU007,Linux,Testing,Germany,7
LSDEU009,Linux,Staging,Germany,9
LIDEU006,Linux,Integration,Germany,6
SSDEU006,Solaris,Staging,Germany,6
SDIRL007,Solaris,Development,Ireland,7
LPIRL021,Linux,Production,Ireland,21
LPITA005,Linux,Production,Italy,5
LPIRL022,Linux,Production,Ireland,22
ASESP004,AIX,Staging,Spain,4
STIRL007,Solaris,Testing,Ireland,7
STDEU009,Solaris,Testing,Germany,9
LSDEU010,Linux,Staging,Germany,10
LSDEU011,Linux,Staging,Germany,11
SPIRL013,Solaris,Production,Ireland,13
LTIRL012,Linux,Testing,Ireland,12
LSDEU012,Linux,Staging,Germany,12
LDESP003,Linux,Development,Spain,3
LIIRL006,Linux,Integration,Ireland,6
HTIRL004,HP-UX,Testing,Ireland,4
APFRA001,AIX,Production,France,1
HPESP001,HP-UX,Production,Spain,1
SPDEU008,Solaris,Production,Germany,8
LSDEU013,Linux,Staging,Germany,13
SSESP005,Solaris,Staging,Spain,5
ATESP004,AIX,Testing,Spain,4
APIRL005,AIX,Production,Ireland,5
STNOR002,Solaris,Testing,Norway,2
ADIRL003,AIX,Development,Ireland,3
HSIRL002,HP-UX,Staging,Ireland,2
LIESP004,Linux,Integration,Spain,4
HPESP002,HP-UX,Production,Spain,2
ASDEU005,AIX,Staging,Germany,5
LTNOR003,Linux,Testing,Norway,3
SDFRA001,Solaris,Development,France,1
APESP003,AIX,Production,Spain,3
SIDEU003,Solaris,Integration,Germany,3
SPIRL014,Solaris,Production,Ireland,14
STDEU010,Solaris,Testing,Germany,10
APFRA002,AIX,Production,France,2
SPFRA003,Solaris,Production,France,3
SPITA005,Solaris,Production,Italy,5
STESP003,Solaris,Testing,Spain,3
LPNOR002,Linux,Production,Norway,2
LPIRL023,Linux,Production,Ireland,23
LSIRL006,Linux,Staging,Ireland,6
LDIRL005,Linux,Development,Ireland,5
SSIRL009,Solaris,Staging,Ireland,9
ATNOR002,AIX,Testing,Norway,2
HSNOR001,HP-UX,Staging,Norway,1
LPIRL024,Linux,Production,Ireland,24
LDESP004,Linux,Development,Spain,4
SDDEU004,Solaris,Development,Germany,4
HDIRL002,HP-UX,Development,Ireland,2
SPIRL015,Solaris,Production,Ireland,15
LPNOR003,Linux,Production,Norway,3
STDEU011,Solaris,Testing,Germany,11
ATITA002,AIX,Testing,Italy,2
APFRA003,AIX,Production,France,3
SPFRA004,Solaris,Production,France,4
LPIRL025,Linux,Production,Ireland,25
LTIRL013,Linux,Testing,Ireland,13
APIRL006,AIX,Production,Ireland,6
LDITA003,Linux,Development,Italy,3
LSIRL007,Linux,Staging,Ireland,7
ASITA007,AIX,Staging,Italy,7
LDIRL006,Linux,Development,Ireland,6
SDIRL008,Solaris,Development,Ireland,8
LSIRL008,Linux,Staging,Ireland,8
LPNOR004,Linux,Production,Norway,4
LPESP011,Linux,Production,Spain,11
HPDEU003,HP-UX,Production,Germany,3
SPIRL016,Solaris,Production,Ireland,16
SDFRA002,Solaris,Development,France,2
STITA004,Solaris,Testing,Italy,4
HTITA001,HP-UX,Testing,Italy,1
APITA006,AIX,Production,Italy,6
SPDEU009,Solaris,Production,Germany,9
SDNOR003,Solaris,Development,Norway,3
LPESP012,Linux,Production,Spain,12
SDDEU005,Solaris,Development,Germany,5
LTDEU008,Linux,Testing,Germany,8
STFRA002,Solaris,Testing,France,2
ATNOR003,AIX,Testing,Norway,3
HTIRL005,HP-UX,Testing,Ireland,5
LPITA006,Linux,Production,Italy,6
LDITA004,Linux,Development,Italy,4
ADDEU007,AIX,Development,Germany,7
HPESP003,HP-UX,Production,Spain,3
HTIRL006,HP-UX,Testing,Ireland,6
STITA005,Solaris,Testing,Italy,5
SPDEU010,Solaris,Production,Germany,10
LTITA006,Linux,Testing,Italy,6
LTIRL014,Linux,Testing,Ireland,14
LSITA009,Linux,Staging,Italy,9
STDEU012,Solaris,Testing,Germany,12
LIDEU007,Linux,Integration,Germany,7
SPDEU011,Solaris,Production,Germany,11
HPDEU004,HP-UX,Production,Germany,4
SPESP010,Solaris,Production,Spain,10
LPITA007,Linux,Production,Italy,7
APITA007,AIX,Production,Italy,7
ADDEU008,AIX,Development,Germany,8
ASNOR002,AIX,Staging,Norway,2
STIRL008,Solaris,Testing,Ireland,8
AIITA006,AIX,Integration,Italy,6
ATFRA002,AIX,Testing,France,2
LSFRA004,Linux,Staging,France,4
LIITA003,Linux,Integration,Italy,3
LIDEU008,Linux,Integration,Germany,8
LIITA004,Linux,Integration,Italy,4
SPNOR005,Solaris,Production,Norway,5
LPNOR005,Linux,Production,Norway,5
SPESP011,Solaris,Production,Spain,11
LDIRL007,Linux,Development,Ireland,7
LSNOR003,Linux,Staging,Norway,3
ASFRA001,AIX,Staging,France,1
APDEU006,AIX,Production,Germany,6
LPITA008,Linux,Production,Italy,8
SSITA006,Solaris,Staging,Italy,6
LPITA009,Linux,Production,Italy,9
SPIRL017,Solaris,Production,Ireland,17
HSIRL003,HP-UX,Staging,Ireland,3
LTDEU009,Linux,Testing,Germany,9
ATITA003,AIX,Testing,Italy,3
LPFRA006,Linux,Production,France,6
HTIRL007,HP-UX,Testing,Ireland,7
LSDEU014,Linux,Staging,Germany,14
HTESP001,HP-UX,Testing,Spain,1
SPFRA005,Solaris,Production,France,5
ADIRL004,AIX,Development,Ireland,4
HPNOR001,HP-UX,Production,Norway,1
LIFRA002,Linux,Integration,France,2
HPIRL004,HP-UX,Production,Ireland,4
HDDEU001,HP-UX,Development,Germany,1
LTIRL015,Linux,Testing,Ireland,15
SDIRL009,Solaris,Development,Ireland,9
SSDEU007,Solaris,Staging,Germany,7
SINOR001,Solaris,Integration,Norway,1
LSIRL009,Linux,Staging,Ireland,9
STESP004,Solaris,Testing,Spain,4
SPDEU012,Solaris,Production,Germany,12
ASIRL008,AIX,Staging,Ireland,8
STITA006,Solaris,Testing,Italy,6
LTDEU010,Linux,Testing,Germany,10
LTFRA007,Linux,Testing,France,7
STESP005,Solaris,Testing,Spain,5
APITA008,AIX,Production,Italy,8
SPDEU013,Solaris,Production,Germany,13
LSESP007,Linux,Staging,Spain,7
SPDEU014,Solaris,Production,Germany,14
LIDEU009,Linux,Integration,Germany,9
SPITA006,Solaris,Production,Italy,6
AIESP002,AIX,Integration,Spain,2
LPIRL026,Linux,Production,Ireland,26
LTDEU011,Linux,Testing,Germany,11
LDDEU005,Linux,Development,Germany,5
APESP004,AIX,Production,Spain,4
LDESP005,Linux,Development,Spain,5
LTIRL016,Linux,Testing,Ireland,16
ATIRL007,AIX,Testing,Ireland,7
SPESP012,Solaris,Production,Spain,12
STIRL009,Solaris,Testing,Ireland,9
LIIRL007,Linux,Integration,Ireland,7
LPESP013,Linux,Production,Spain,13
LTESP008,Linux,Testing,Spain,8
STITA007,Solaris,Testing,Italy,7
LPIRL027,Linux,Production,Ireland,27
HPESP004,HP-UX,Production,Spain,4
LSIRL010,Linux,Staging,Ireland,10
SPDEU015,Solaris,Production,Germany,15
HTIRL008,HP-UX,Testing,Ireland,8
LSDEU015,Linux,Staging,Germany,15
LTIRL017,Linux,Testing,Ireland,17
STDEU013,Solaris,Testing,Germany,13
SSITA007,Solaris,Staging,Italy,7
HDITA002,HP-UX,Development,Italy,2
LTIRL018,Linux,Testing,Ireland,18
SSESP006,Solaris,Staging,Spain,6
HDIRL003,HP-UX,Development,Ireland,3
LSESP008,Linux,Staging,Spain,8
SSIRL010,Solaris,Staging,Ireland,10
SPIRL018,Solaris,Production,Ireland,18
SPITA007,Solaris,Production,Italy,7
ASESP005,AIX,Staging,Spain,5
LSIRL011,Linux,Staging,Ireland,11
STFRA003,Solaris,Testing,France,3
SPDEU016,Solaris,Production,Germany,16
SSESP007,Solaris,Staging,Spain,7
LIESP005,Linux,Integration,Spain,5
SSITA008,Solaris,Staging,Italy,8
HPITA004,HP-UX,Production,Italy,4
HPDEU005,HP-UX,Production,Germany,5
LSIRL012,Linux,Staging,Ireland,12
APDEU007,AIX,Production,Germany,7
LIIRL008,Linux,Integration,Ireland,8
ATESP005,AIX,Testing,Spain,5
ASIRL009,AIX,Staging,Ireland,9
LTFRA008,Linux,Testing,France,8
SPITA008,Solaris,Production,Italy,8
SPITA009,Solaris,Production,Italy,9
LTITA007,Linux,Testing,Italy,7
ATIRL008,AIX,Testing,Ireland,8
ATDEU007,AIX,Testing,Germany,7
ATESP006,AIX,Testing,Spain,6
HIESP002,HP-UX,Integration,Spain,2
LDIRL008,Linux,Development,Ireland,8
LTIRL019,Linux,Testing,Ireland,19
STIRL010,Solaris,Testing,Ireland,10
LTESP009,Linux,Testing,Spain,9
LSDEU016,Linux,Staging,Germany,16
HSIRL004,HP-UX,Staging,Ireland,4
SSIRL011,Solaris,Staging,Ireland,11
LTDEU012,Linux,Testing,Germany,12
LPDEU009,Linux,Production,Germany,9
LPIRL028,Linux,Production,Ireland,28
LDIRL009,Linux,Development,Ireland,9
LTNOR004,Linux,Testing,Norway,4
SSITA009,Solaris,Staging,Italy,9
LSDEU017,Linux,Staging,Germany,17
APESP005,AIX,Production,Spain,5
LPDEU010,Linux,Production,Germany,10
APDEU008,AIX,Production,Germany,8
LPESP014,Linux,Production,Spain,14
ADITA001,AIX,Development,Italy,1
LDIRL010,Linux,Development,Ireland,10
STDEU014,Solaris,Testing,Germany,14
SSDEU008,Solaris,Staging,Germany,8
APDEU009,AIX,Production,Germany,9
LPIRL029,Linux,Production,Ireland,29
LPFRA007,Linux,Production,France,7
HTFRA002,HP-UX,Testing,France,2
ASDEU006,AIX,Staging,Germany,6
ASDEU007,AIX,Staging,Germany,7
ATIRL009,AIX,Testing,Ireland,9
HTFRA003,HP-UX,Testing,France,3
ATESP007,AIX,Testing,Spain,7
LSNOR004,Linux,Staging,Norway,4
LSFRA005,Linux,Staging,France,5
LSIRL013,Linux,Staging,Ireland,13
ATITA004,AIX,Testing,Italy,4
LSDEU018,Linux,Staging,Germany,18
STESP006,Solaris,Testing,Spain,6
SDESP002,Solaris,Development,Spain,2
HTESP002,HP-UX,Testing,Spain,2
SPIRL019,Solaris,Production,Ireland,19
STITA008,Solaris,Testing,Italy,8
SIFRA001,Solaris,Integration,France,1
ATIRL010,AIX,Testing,Ireland,10
APIRL007,AIX,Production,Ireland,7
LSESP009,Linux,Staging,Spain,9
ASIRL010,AIX,Staging,Ireland,10
HTIRL009,HP-UX,Testing,Ireland,9
SSIRL012,Solaris,Staging,Ireland,12
ASFRA002,AIX,Staging,France,2
LTITA008,Linux,Testing,Italy,8
SPIRL020,Solaris,Production,Ireland,20
ASITA008,AIX,Staging,Italy,8
APESP006,AIX,Production,Spain,6
STDEU015,Solaris,Testing,Germany,15
LTFRA009,Linux,Testing,France,9
HDDEU002,HP-UX,Development,Germany,2
HPESP005,HP-UX,Production,Spain,5
LPITA010,Linux,Production,Italy,10
LPIRL030,Linux,Production,Ireland,30
LPFRA008,Linux,Production,France,8
HSDEU003,HP-UX,Staging,Germany,3
STDEU016,Solaris,Testing,Germany,16
APITA009,AIX,Production,Italy,9
HIDEU002,HP-UX,Integration,Germany,2
LTIRL020,Linux,Testing,Ireland,20
SDDEU006,Solaris,Development,Germany,6
SSDEU009,Solaris,Staging,Germany,9
AIITA007,AIX,Integration,Italy,7
SSESP008,Solaris,Staging,Spain,8
SDDEU007,Solaris,Development,Germany,7
APIRL008,AIX,Production,Ireland,8
LTDEU013,Linux,Testing,Germany,13
APITA010,AIX,Production,Italy,10
LTITA009,Linux,Testing,Italy,9
LTESP010,Linux,Testing,Spain,10
LIIRL009,Linux,Integration,Ireland,9
HPITA005,HP-UX,Production,Italy,5
SPFRA006,Solaris,Production,France,6
SSIRL013,Solaris,Staging,Ireland,13
LTDEU014,Linux,Testing,Germany,14
LTIRL021,Linux,Testing,Ireland,21
SPIRL021,Solaris,Production,Ireland,21
LTIRL022,Linux,Testing,Ireland,22
LIIRL010,Linux,Integration,Ireland,10
HPDEU006,HP-UX,Production,Germany,6
STESP007,Solaris,Testing,Spain,7
SSIRL014,Solaris,Staging,Ireland,14
LPDEU011,Linux,Production,Germany,11
ATIRL011,AIX,Testing,Ireland,11
APITA011,AIX,Production,Italy,11
LTIRL023,Linux,Testing,Ireland,23
SPIRL022,Solaris,Production,Ireland,22
LDITA005,Linux,Development,Italy,5
APDEU010,AIX,Production,Germany,10
APIRL009,AIX,Production,Ireland,9
APIRL010,AIX,Production,Ireland,10
STNOR003,Solaris,Testing,Norway,3
HPITA006,HP-UX,Production,Italy,6
LTIRL024,Linux,Testing,Ireland,24
LTFRA010,Linux,Testing,France,10
SIITA002,Solaris,Integration,Italy,2
SPIRL023,Solaris,Production,Ireland,23
LTNOR005,Linux,Testing,Norway,5
ATDEU008,AIX,Testing,Germany,8
SPIRL024,Solaris,Production,Ireland,24
LTDEU015,Linux,Testing,Germany,15
SPDEU017,Solaris,Production,Germany,17
LPITA011,Linux,Production,Italy,11
ATDEU009,AIX,Testing,Germany,9
LPDEU012,Linux,Production,Germany,12
LSESP010,Linux,Staging,Spain,10
SDESP003,Solaris,Development,Spain,3
SPNOR006,Solaris,Production,Norway,6
AIIRL005,AIX,Integration,Ireland,5
SINOR002,Solaris,Integration,Norway,2
SPIRL025,Solaris,Production,Ireland,25
SDITA002,Solaris,Development,Italy,2
SSIRL015,Solaris,Staging,Ireland,15
HPDEU007,HP-UX,Production,Germany,7
STIRL011,Solaris,Testing,Ireland,11
HPDEU008,HP-UX,Production,Germany,8
LPESP015,Linux,Production,Spain,15
ATDEU010,AIX,Testing,Germany,10
SSNOR003,Solaris,Staging,Norway,3
LPIRL031,Linux,Production,Ireland,31
LTIRL025,Linux,Testing,Ireland,25
LPIRL032,Linux,Production,Ireland,32
LSNOR005,Linux,Staging,Norway,5
STIRL012,Solaris,Testing,Ireland,12
AIIRL006,AIX,Integration,Ireland,6
APIRL011,AIX,Production,Ireland,11
LDIRL011,Linux,Development,Ireland,11
LPIRL033,Linux,Production,Ireland,33
SDFRA003,Solaris,Development,France,3
LTDEU016,Linux,Testing,Germany,16
LIESP006,Linux,Integration,Spain,6
LSITA010,Linux,Staging,Italy,10
SSNOR004,Solaris,Staging,Norway,4
STITA009,Solaris,Testing,Italy,9
APNOR001,AIX,Production,Norway,1
LPIRL034,Linux,Production,Ireland,34
STDEU017,Solaris,Testing,Germany,17
LPFRA009,Linux,Production,France,9
SIESP002,Solaris,Integration,Spain,2
LTIRL026,Linux,Testing,Ireland,26
STIRL013,Solaris,Testing,Ireland,13
LIFRA003,Linux,Integration,France,3
STDEU018,Solaris,Testing,Germany,18
LTIRL027,Linux,Testing,Ireland,27
ADESP002,AIX,Development,Spain,2
HPDEU009,HP-UX,Production,Germany,9
APFRA004,AIX,Production,France,4
HPESP006,HP-UX,Production,Spain,6
LTITA010,Linux,Testing,Italy,10
APIRL012,AIX,Production,Ireland,12
ATNOR004,AIX,Testing,Norway,4
LTITA011,Linux,Testing,Italy,11
STDEU019,Solaris,Testing,Germany,19
HSNOR002,HP-UX,Staging,Norway,2
STITA010,Solaris,Testing,Italy,10
ATITA005,AIX,Testing,Italy,5
LTIRL028,Linux,Testing,Ireland,28
APITA012,AIX,Production,Italy,12
SSIRL016,Solaris,Staging,Ireland,16
LPFRA010,Linux,Production,France,10
ADNOR001,AIX,Development,Norway,1
SSIRL017,Solaris,Staging,Ireland,17
LTDEU017,Linux,Testing,Germany,17
SPIRL026,Solaris,Production,Ireland,26
SPIRL027,Solaris,Production,Ireland,27
LPDEU013,Linux,Production,Germany,13
ASIRL011,AIX,Staging,Ireland,11
LPFRA011,Linux,Production,France,11
SPESP013,Solaris,Production,Spain,13
LPESP016,Linux,Production,Spain,16
LSIRL014,Linux,Staging,Ireland,14
LDNOR004,Linux,Development,Norway,4
SSDEU010,Solaris,Staging,Germany,10
LPFRA012,Linux,Production,France,12
STFRA004,Solaris,Testing,France,4
LSIRL015,Linux,Staging,Ireland,15
LPDEU014,Linux,Production,Germany,14
LSDEU019,Linux,Staging,Germany,19
LTIRL029,Linux,Testing,Ireland,29
LPNOR006,Linux,Production,Norway,6
HDDEU003,HP-UX,Development,Germany,3
LTIRL030,Linux,Testing,Ireland,30
LTITA012,Linux,Testing,Italy,12
APFRA005,AIX,Production,France,5
LSITA011,Linux,Staging,Italy,11
ASIRL012,AIX,Staging,Ireland,12
HPNOR002,HP-UX,Production,Norway,2
SSITA010,Solaris,Staging,Italy,10
LTIRL031,Linux,Testing,Ireland,31
APESP007,AIX,Production,Spain,7
STIRL014,Solaris,Testing,Ireland,14
STIRL015,Solaris,Testing,Ireland,15
HSDEU004,HP-UX,Staging,Germany,4
HTNOR001,HP-UX,Testing,Norway,1
STESP008,Solaris,Testing,Spain,8
LTIRL032,Linux,Testing,Ireland,32
LPIRL035,Linux,Production,Ireland,35
STDEU020,Solaris,Testing,Germany,20
STIRL016,Solaris,Testing,Ireland,16
LSDEU020,Linux,Staging,Germany,20
SDDEU008,Solaris,Development,Germany,8
SSIRL018,Solaris,Staging,Ireland,18
STDEU021,Solaris,Testing,Germany,21
STIRL017,Solaris,Testing,Ireland,17
LSDEU021,Linux,Staging,Germany,21
LPNOR007,Linux,Production,Norway,7
SPITA010,Solaris,Production,Italy,10
SPIRL028,Solaris,Production,Ireland,28
LDDEU006,Linux,Development,Germany,6
LPITA012,Linux,Production,Italy,12
STIRL018,Solaris,Testing,Ireland,18
LPDEU015,Linux,Production,Germany,15
LPESP017,Linux,Production,Spain,17
HTDEU007,HP-UX,Testing,Germany,7
ASIRL013,AIX,Staging,Ireland,13
APDEU011,AIX,Production,Germany,11
LDITA006,Linux,Development,Italy,6
SSDEU011,Solaris,Staging,Germany,11
ASIRL014,AIX,Staging,Ireland,14
LDESP006,Linux,Development,Spain,6
HSESP003,HP-UX,Staging,Spain,3
LSESP011,Linux,Staging,Spain,11
SIDEU004,Solaris,Integration,Germany,4
STNOR004,Solaris,Testing,Norway,4
ASIRL015,AIX,Staging,Ireland,15
ATESP008,AIX,Testing,Spain,8
APESP008,AIX,Production,Spain,8
SSIRL019,Solaris,Staging,Ireland,19
SIDEU005,Solaris,Integration,Germany,5
SPDEU018,Solaris,Production,Germany,18
ASFRA003,AIX,Staging,France,3
HTESP003,HP-UX,Testing,Spain,3
ATIRL012,AIX,Testing,Ireland,12
LDITA007,Linux,Development,Italy,7
LTIRL033,Linux,Testing,Ireland,33
LSIRL016,Linux,Staging,Ireland,16
SPFRA007,Solaris,Production,France,7
ATDEU011,AIX,Testing,Germany,11
ATITA006,AIX,Testing,Italy,6
HPIRL005,HP-UX,Production,Ireland,5
LSESP012,Linux,Staging,Spain,12
LTESP011,Linux,Testing,Spain,11
LTDEU018,Linux,Testing,Germany,18
LTITA013,Linux,Testing,Italy,13
SIIRL005,Solaris,Integration,Ireland,5
SSIRL020,Solaris,Staging,Ireland,20
LDESP007,Linux,Development,Spain,7
HSIRL005,HP-UX,Staging,Ireland,5
LPFRA013,Linux,Production,France,13
LTDEU019,Linux,Testing,Germany,19
LTDEU020,Linux,Testing,Germany,20
STDEU022,Solaris,Testing,Germany,22
ATITA007,AIX,Testing,Italy,7
HPDEU010,HP-UX,Production,Germany,10
LTIRL034,Linux,Testing,Ireland,34
STDEU023,Solaris,Testing,Germany,23
LTIRL035,Linux,Testing,Ireland,35
LTITA014,Linux,Testing,Italy,14
SSFRA003,Solaris,Staging,France,3
LPESP018,Linux,Production,Spain,18
STFRA005,Solaris,Testing,France,5
LPFRA014,Linux,Production,France,14
LTITA015,Linux,Testing,Italy,15
ATDEU012,AIX,Testing,Germany,12
STNOR005,Solaris,Testing,Norway,5
LSFRA006,Linux,Staging,France,6
LSNOR006,Linux,Staging,Norway,6
HPIRL006,HP-UX,Production,Ireland,6
STIRL019,Solaris,Testing,Ireland,19
STFRA006,Solaris,Testing,France,6
LTDEU021,Linux,Testing,Germany,21
LPITA013,Linux,Production,Italy,13
ASESP006,AIX,Staging,Spain,6
SSESP009,Solaris,Staging,Spain,9
SDDEU009,Solaris,Development,Germany,9
STNOR006,Solaris,Testing,Norway,6
LPDEU016,Linux,Production,Germany,16
LSITA012,Linux,Staging,Italy,12
STIRL020,Solaris,Testing,Ireland,20
ASIRL016,AIX,Staging,Ireland,16
SDESP004,Solaris,Development,Spain,4
SPDEU019,Solaris,Production,Germany,19
SPDEU020,Solaris,Production,Germany,20
LPFRA015,Linux,Production,France,15
LSESP013,Linux,Staging,Spain,13
APESP009,AIX,Production,Spain,9
LTITA016,Linux,Testing,Italy,16
APIRL013,AIX,Production,Ireland,13
LSESP014,Linux,Staging,Spain,14
STIRL021,Solaris,Testing,Ireland,21
LSIRL017,Linux,Staging,Ireland,17
STNOR007,Solaris,Testing,Norway,7
SDIRL010,Solaris,Development,Ireland,10
SDIRL011,Solaris,Development,Ireland,11
LPITA014,Linux,Production,Italy,14
LPFRA016,Linux,Production,France,16
LPDEU017,Linux,Production,Germany,17
SPFRA008,Solaris,Production,France,8
SSFRA004,Solaris,Staging,France,4
APDEU012,AIX,Production,Germany,12
LPITA015,Linux,Production,Italy,15
AIDEU001,AIX,Integration,Germany,1
SSIRL021,Solaris,Staging,Ireland,21
LTDEU022,Linux,Testing,Germany,22
SIDEU006,Solaris,Integration,Germany,6
HTDEU008,HP-UX,Testing,Germany,8
LDFRA003,Linux,Development,France,3
ASESP007,AIX,Staging,Spain,7
ASNOR003,AIX,Staging,Norway,3
LTFRA011,Linux,Testing,France,11
LTIRL036,Linux,Testing,Ireland,36
SPDEU021,Solaris,Production,Germany,21
SSFRA005,Solaris,Staging,France,5
STIRL022,Solaris,Testing,Ireland,22
LTIRL037,Linux,Testing,Ireland,37
LPDEU018,Linux,Production,Germany,18
ASDEU008,AIX,Staging,Germany,8
HSIRL006,HP-UX,Staging,Ireland,6
LSITA013,Linux,Staging,Italy,13
HSIRL007,HP-UX,Staging,Ireland,7
SIFRA002,Solaris,Integration,France,2
HSDEU005,HP-UX,Staging,Germany,5
APIRL014,AIX,Production,Ireland,14
APDEU013,AIX,Production,Germany,13
LTITA017,Linux,Testing,Italy,17
APDEU014,AIX,Production,Germany,14
STDEU024,Solaris,Testing,Germany,24
LTFRA012,Linux,Testing,France,12
SPDEU022,Solaris,Production,Germany,22
STDEU025,Solaris,Testing,Germany,25
APDEU015,AIX,Production,Germany,15
STNOR008,Solaris,Testing,Norway,8
SDIRL012,Solaris,Development,Ireland,12
LPITA016,Linux,Production,Italy,16
ATNOR005,AIX,Testing,Norway,5
ASESP008,AIX,Staging,Spain,8
SSNOR005,Solaris,Staging,Norway,5
LTESP012,Linux,Testing,Spain,12
SPESP014,Solaris,Production,Spain,14
STIRL023,Solaris,Testing,Ireland,23
LTITA018,Linux,Testing,Italy,18
SDIRL013,Solaris,Development,Ireland,13
SPIRL029,Solaris,Production,Ireland,29
HPIRL007,HP-UX,Production,Ireland,7
LPIRL036,Linux,Production,Ireland,36
LDFRA004,Linux,Development,France,4
SPESP015,Solaris,Production,Spain,15
LINOR001,Linux,Integration,Norway,1
LPIRL037,Linux,Production,Ireland,37
HSIRL008,HP-UX,Staging,Ireland,8
SSFRA006,Solaris,Staging,France,6
LTIRL038,Linux,Testing,Ireland,38
LIESP007,Linux,Integration,Spain,7
LIESP008,Linux,Integration,Spain,8
LPITA017,Linux,Production,Italy,17
LSFRA007,Linux,Staging,France,7
HTIRL010,HP-UX,Testing,Ireland,10
LPITA018,Linux,Production,Italy,18
LSDEU022,Linux,Staging,Germany,22
ASIRL017,AIX,Staging,Ireland,17
STDEU026,Solaris,Testing,Germany,26
ADITA002,AIX,Development,Italy,2
LTITA019,Linux,Testing,Italy,19
SSDEU012,Solaris,Staging,Germany,12
HPNOR003,HP-UX,Production,Norway,3
SPFRA009,Solaris,Production,France,9
SPESP016,Solaris,Production,Spain,16
LSFRA008,Linux,Staging,France,8
SIITA003,Solaris,Integration,Italy,3
ASDEU009,AIX,Staging,Germany,9
LPIRL038,Linux,Production,Ireland,38
LSNOR007,Linux,Staging,Norway,7
LPDEU019,Linux,Production,Germany,19
LPESP019,Linux,Production,Spain,19
HTDEU009,HP-UX,Testing,Germany,9
SSIRL022,Solaris,Staging,Ireland,22
HPFRA002,HP-UX,Production,France,2
AIDEU002,AIX,Integration,Germany,2
APFRA006,AIX,Production,France,6
LPESP020,Linux,Production,Spain,20
APIRL015,AIX,Production,Ireland,15
ATDEU013,AIX,Testing,Germany,13
LSIRL018,Linux,Staging,Ireland,18
SIIRL006,Solaris,Integration,Ireland,6
ATIRL013,AIX,Testing,Ireland,13
STITA011,Solaris,Testing,Italy,11
LSIRL019,Linux,Staging,Ireland,19
LPESP021,Linux,Production,Spain,21
LPIRL039,Linux,Production,Ireland,39
APIRL016,AIX,Production,Ireland,16
LTDEU023,Linux,Testing,Germany,23
HSITA001,HP-UX,Staging,Italy,1
SDFRA004,Solaris,Development,France,4
LSESP015,Linux,Staging,Spain,15
APFRA007,AIX,Production,France,7
LTNOR006,Linux,Testing,Norway,6
SPDEU023,Solaris,Production,Germany,23
LSESP016,Linux,Staging,Spain,16
LTDEU024,Linux,Testing,Germany,24
HTIRL011,HP-UX,Testing,Ireland,11
SPITA011,Solaris,Production,Italy,11
SDITA003,Solaris,Development,Italy,3
LPDEU020,Linux,Production,Germany,20
SSESP010,Solaris,Staging,Spain,10
LPIRL040,Linux,Production,Ireland,40
STDEU027,Solaris,Testing,Germany,27
HPDEU011,HP-UX,Production,Germany,11
LSNOR008,Linux,Staging,Norway,8
SDITA004,Solaris,Development,Italy,4
LIIRL011,Linux,Integration,Ireland,11
LSDEU023,Linux,Staging,Germany,23
LPFRA017,Linux,Production,France,17
SSDEU013,Solaris,Staging,Germany,13
HSDEU006,HP-UX,Staging,Germany,6
SSFRA007,Solaris,Staging,France,7
LDESP008,Linux,Development,Spain,8
LPESP022,Linux,Production,Spain,22
HIDEU003,HP-UX,Integration,Germany,3
LDESP009,Linux,Development,Spain,9
APDEU016,AIX,Production,Germany,16
LSESP017,Linux,Staging,Spain,17
LIIRL012,Linux,Integration,Ireland,12
SSDEU014,Solaris,Staging,Germany,14
LDIRL012,Linux,Development,Ireland,12
LPESP023,Linux,Production,Spain,23
SSIRL023,Solaris,Staging,Ireland,23
ATDEU014,AIX,Testing,Germany,14
APIRL017,AIX,Production,Ireland,17
SSESP011,Solaris,Staging,Spain,11
SPDEU024,Solaris,Production,Germany,24
LPDEU021,Linux,Production,Germany,21
LTFRA013,Linux,Testing,France,13
LSESP018,Linux,Staging,Spain,18
SSESP012,Solaris,Staging,Spain,12
STFRA007,Solaris,Testing,France,7
ATDEU015,AIX,Testing,Germany,15
LPESP024,Linux,Production,Spain,24
SSDEU015,Solaris,Staging,Germany,15
SSDEU016,Solaris,Staging,Germany,16
LPITA019,Linux,Production,Italy,19
SSNOR006,Solaris,Staging,Norway,6
LPDEU022,Linux,Production,Germany,22
LSDEU024,Linux,Staging,Germany,24
HTDEU010,HP-UX,Testing,Germany,10
LTITA020,Linux,Testing,Italy,20
STNOR009,Solaris,Testing,Norway,9
LPDEU023,Linux,Production,Germany,23
LSITA014,Linux,Staging,Italy,14
SSITA011,Solaris,Staging,Italy,11
LTESP013,Linux,Testing,Spain,13
LIFRA004,Linux,Integration,France,4
APDEU017,AIX,Production,Germany,17
STIRL024,Solaris,Testing,Ireland,24
SPIRL030,Solaris,Production,Ireland,30
LIIRL013,Linux,Integration,Ireland,13
AIESP003,AIX,Integration,Spain,3
LTNOR007,Linux,Testing,Norway,7
SIDEU007,Solaris,Integration,Germany,7
LTESP014,Linux,Testing,Spain,14
STDEU028,Solaris,Testing,Germany,28
SPNOR007,Solaris,Production,Norway,7
APITA013,AIX,Production,Italy,13
SDDEU010,Solaris,Development,Germany,10
LSESP019,Linux,Staging,Spain,19
LSIRL020,Linux,Staging,Ireland,20
LIDEU010,Linux,Integration,Germany,10
SPESP017,Solaris,Production,Spain,17
LPDEU024,Linux,Production,Germany,24
LDNOR005,Linux,Development,Norway,5
LTDEU025,Linux,Testing,Germany,25
HTDEU011,HP-UX,Testing,Germany,11
LSDEU025,Linux,Staging,Germany,25
SDIRL014,Solaris,Development,Ireland,14
LDESP010,Linux,Development,Spain,10
LTDEU026,Linux,Testing,Germany,26
LDDEU007,Linux,Development,Germany,7
HSITA002,HP-UX,Staging,Italy,2
HIIRL002,HP-UX,Integration,Ireland,2
SPESP018,Solaris,Production,Spain,18
HSIRL009,HP-UX,Staging,Ireland,9
ASDEU010,AIX,Staging,Germany,10
ATDEU016,AIX,Testing,Germany,16
LPIRL041,Linux,Production,Ireland,41
ATIRL014,AIX,Testing,Ireland,14
ADFRA002,AIX,Development,France,2
APITA014,AIX,Production,Italy,14
SPDEU025,Solaris,Production,Germany,25
LTDEU027,Linux,Testing,Germany,27
ASDEU011,AIX,Staging,Germany,11
SPFRA010,Solaris,Production,France,10
AIDEU003,AIX,Integration,Germany,3
ATITA008,AIX,Testing,Italy,8
SPESP019,Solaris,Production,Spain,19
APIRL018,AIX,Production,Ireland,18
SDDEU011,Solaris,Development,Germany,11
SDDEU012,Solaris,Development,Germany,12
SIFRA003,Solaris,Integration,France,3
LSDEU026,Linux,Staging,Germany,26
LSIRL021,Linux,Staging,Ireland,21
LSIRL022,Linux,Staging,Ireland,22
LSDEU027,Linux,Staging,Germany,27
SSITA012,Solaris,Staging,Italy,12
SSFRA008,Solaris,Staging,France,8
SPFRA011,Solaris,Production,France,11
LPESP025,Linux,Production,Spain,25
AIDEU004,AIX,Integration,Germany,4
LDIRL013,Linux,Development,Ireland,13
SSIRL024,Solaris,Staging,Ireland,24
LSITA015,Linux,Staging,Italy,15
APDEU018,AIX,Production,Germany,18
APDEU019,AIX,Production,Germany,19
SIITA004,Solaris,Integration,Italy,4
LTIRL039,Linux,Testing,Ireland,39
LSIRL023,Linux,Staging,Ireland,23
ATFRA003,AIX,Testing,France,3
APIRL019,AIX,Production,Ireland,19
LIIRL014,Linux,Integration,Ireland,14
SSITA013,Solaris,Staging,Italy,13
SDFRA005,Solaris,Development,France,5
HTIRL012,HP-UX,Testing,Ireland,12
SSDEU017,Solaris,Staging,Germany,17
LTESP015,Linux,Testing,Spain,15
SDITA005,Solaris,Development,Italy,5
SIDEU008,Solaris,Integration,Germany,8
ASESP009,AIX,Staging,Spain,9
LPIRL042,Linux,Production,Ireland,42
LPDEU025,Linux,Production,Germany,25
SDFRA006,Solaris,Development,France,6
ATITA009,AIX,Testing,Italy,9
LSIRL024,Linux,Staging,Ireland,24
AIIRL007,AIX,Integration,Ireland,7
LPESP026,Linux,Production,Spain,26
SPESP020,Solaris,Production,Spain,20
HDIRL004,HP-UX,Development,Ireland,4
ATIRL015,AIX,Testing,Ireland,15
ASIRL018,AIX,Staging,Ireland,18
SPDEU026,Solaris,Production,Germany,26
SPDEU027,Solaris,Production,Germany,27
SIIRL007,Solaris,Integration,Ireland,7
ASITA009,AIX,Staging,Italy,9
SPITA012,Solaris,Production,Italy,12
LPESP027,Linux,Production,Spain,27
HIDEU004,HP-UX,Integration,Germany,4
SPIRL031,Solaris,Production,Ireland,31
STDEU029,Solaris,Testing,Germany,29
HSESP004,HP-UX,Staging,Spain,4
LPIRL043,Linux,Production,Ireland,43
LTDEU028,Linux,Testing,Germany,28
ASIRL019,AIX,Staging,Ireland,19
HSDEU007,HP-UX,Staging,Germany,7
LIESP009,Linux,Integration,Spain,9
LTFRA014,Linux,Testing,France,14
HIESP003,HP-UX,Integration,Spain,3
LTDEU029,Linux,Testing,Germany,29
ATESP009,AIX,Testing,Spain,9
LPFRA018,Linux,Production,France,18
APIRL020,AIX,Production,Ireland,20
STFRA008,Solaris,Testing,France,8
HINOR002,HP-UX,Integration,Norway,2
SPIRL032,Solaris,Production,Ireland,32
HTFRA004,HP-UX,Testing,France,4
LIESP010,Linux,Integration,Spain,10
LPFRA019,Linux,Production,France,19
SSIRL025,Solaris,Staging,Ireland,25
STITA012,Solaris,Testing,Italy,12
LPITA020,Linux,Production,Italy,20
ATIRL016,AIX,Testing,Ireland,16
LTFRA015,Linux,Testing,France,15
STITA013,Solaris,Testing,Italy,13
LTIRL040,Linux,Testing,Ireland,40
ATITA010,AIX,Testing,Italy,10
LSFRA009,Linux,Staging,France,9
LTDEU030,Linux,Testing,Germany,30
APITA015,AIX,Production,Italy,15
LPDEU026,Linux,Production,Germany,26
SIIRL008,Solaris,Integration,Ireland,8
LDNOR006,Linux,Development,Norway,6
SPESP021,Solaris,Production,Spain,21
LSDEU028,Linux,Staging,Germany,28
LPESP028,Linux,Production,Spain,28
SDESP005,Solaris,Development,Spain,5
LSIRL025,Linux,Staging,Ireland,25
SPITA013,Solaris,Production,Italy,13
LSFRA010,Linux,Staging,France,10
STNOR010,Solaris,Testing,Norway,10
SPIRL033,Solaris,Production,Ireland,33
SPESP022,Solaris,Production,Spain,22
LDIRL014,Linux,Development,Ireland,14
LSESP020,Linux,Staging,Spain,20
HTDEU012,HP-UX,Testing,Germany,12
SSDEU018,Solaris,Staging,Germany,18
SDIRL015,Solaris,Development,Ireland,15
LTIRL041,Linux,Testing,Ireland,41
LPDEU027,Linux,Production,Germany,27
LIDEU011,Linux,Integration,Germany,11
STESP009,Solaris,Testing,Spain,9
HTESP004,HP-UX,Testing,Spain,4
SIDEU009,Solaris,Integration,Germany,9
HDFRA002,HP-UX,Development,France,2
AIFRA001,AIX,Integration,France,1
LIITA005,Linux,Integration,Italy,5
LIDEU012,Linux,Integration,Germany,12
ASDEU012,AIX,Staging,Germany,12
LDDEU008,Linux,Development,Germany,8
LPIRL044,Linux,Production,Ireland,44
APIRL021,AIX,Production,Ireland,21
STDEU030,Solaris,Testing,Germany,30
SPESP023,Solaris,Production,Spain,23
STITA014,Solaris,Testing,Italy,14
LPFRA020,Linux,Production,France,20
APDEU020,AIX,Production,Germany,20
SPIRL034,Solaris,Production,Ireland,34
LSIRL026,Linux,Staging,Ireland,26
SSITA014,Solaris,Staging,Italy,14
SPIRL035,Solaris,Production,Ireland,35
ATDEU017,AIX,Testing,Germany,17
SSIRL026,Solaris,Staging,Ireland,26
SPIRL036,Solaris,Production,Ireland,36
LPIRL045,Linux,Production,Ireland,45
STESP010,Solaris,Testing,Spain,10
AIESP004,AIX,Integration,Spain,4
SPIRL037,Solaris,Production,Ireland,37
LSDEU029,Linux,Staging,Germany,29
SSDEU019,Solaris,Staging,Germany,19
LSDEU030,Linux,Staging,Germany,30
SSITA015,Solaris,Staging,Italy,15
SSITA016,Solaris,Staging,Italy,16
LPDEU028,Linux,Production,Germany,28
ASFRA004,AIX,Staging,France,4
HPIRL008,HP-UX,Production,Ireland,8
STITA015,Solaris,Testing,Italy,15
APDEU021,AIX,Production,Germany,21
LPDEU029,Linux,Production,Germany,29
LTIRL042,Linux,Testing,Ireland,42
SDDEU013,Solaris,Development,Germany,13
STDEU031,Solaris,Testing,Germany,31
HSITA003,HP-UX,Staging,Italy,3
SDITA006,Solaris,Development,Italy,6
STDEU032,Solaris,Testing,Germany,32
SPNOR008,Solaris,Production,Norway,8
ASESP010,AIX,Staging,Spain,10
LPITA021,Linux,Production,Italy,21
SPIRL038,Solaris,Production,Ireland,38
ATFRA004,AIX,Testing,France,4
LPESP029,Linux,Production,Spain,29
ASDEU013,AIX,Staging,Germany,13
APDEU022,AIX,Production,Germany,22
LPNOR008,Linux,Production,Norway,8
SSITA017,Solaris,Staging,Italy,17
ATDEU018,AIX,Testing,Germany,18
SPITA014,Solaris,Production,Italy,14
APDEU023,AIX,Production,Germany,23
SPFRA012,Solaris,Production,France,12
HSIRL010,HP-UX,Staging,Ireland,10
SDESP006,Solaris,Development,Spain,6
LSESP021,Linux,Staging,Spain,21
HPITA007,HP-UX,Production,Italy,7
LTDEU031,Linux,Testing,Germany,31
LIESP011,Linux,Integration,Spain,11
SSNOR007,Solaris,Staging,Norway,7
ASDEU014,AIX,Staging,Germany,14
LIDEU013,Linux,Integration,Germany,13
STIRL025,Solaris,Testing,Ireland,25
HTESP005,HP-UX,Testing,Spain,5
SSDEU020,Solaris,Staging,Germany,20
LTESP016,Linux,Testing,Spain,16
STFRA009,Solaris,Testing,France,9
HPFRA003,HP-UX,Production,France,3
ASESP011,AIX,Staging,Spain,11
LIIRL015,Linux,Integration,Ireland,15
ATIRL017,AIX,Testing,Ireland,17
LPDEU030,Linux,Production,Germany,30
LSITA016,Linux,Staging,Italy,16
SSITA018,Solaris,Staging,Italy,18
LTIRL043,Linux,Testing,Ireland,43
SPESP024,Solaris,Production,Spain,24
SSESP013,Solaris,Staging,Spain,13
LTITA021,Linux,Testing,Italy,21
STITA016,Solaris,Testing,Italy,16
LPIRL046,Linux,Production,Ireland,46
ASIRL020,AIX,Staging,Ireland,20
LTIRL044,Linux,Testing,Ireland,44
APDEU024,AIX,Production,Germany,24
LTNOR008,Linux,Testing,Norway,8
APFRA008,AIX,Production,France,8
SPIRL039,Solaris,Production,Ireland,39
LIITA006,Linux,Integration,Italy,6
LDITA008,Linux,Development,Italy,8
LPNOR009,Linux,Production,Norway,9
SPDEU028,Solaris,Production,Germany,28
HSDEU008,HP-UX,Staging,Germany,8
LPDEU031,Linux,Production,Germany,31
APESP010,AIX,Production,Spain,10
SIFRA004,Solaris,Integration,France,4
LTIRL045,Linux,Testing,Ireland,45
ATITA011,AIX,Testing,Italy,11
LPIRL047,Linux,Production,Ireland,47
SSIRL027,Solaris,Staging,Ireland,27
HSDEU009,HP-UX,Staging,Germany,9
SPIRL040,Solaris,Production,Ireland,40
LPIRL048,Linux,Production,Ireland,48
SSFRA009,Solaris,Staging,France,9
SSDEU021,Solaris,Staging,Germany,21
HSIRL011,HP-UX,Staging,Ireland,11
LSESP022,Linux,Staging,Spain,22
LSIRL027,Linux,Staging,Ireland,27
SPDEU029,Solaris,Production,Germany,29
LTIRL046,Linux,Testing,Ireland,46
STIRL026,Solaris,Testing,Ireland,26
SPDEU030,Solaris,Production,Germany,30
LDIRL015,Linux,Development,Ireland,15
ASDEU015,AIX,Staging,Germany,15
LTDEU032,Linux,Testing,Germany,32
APFRA009,AIX,Production,France,9
STESP011,Solaris,Testing,Spain,11
SDDEU014,Solaris,Development,Germany,14
ADIRL005,AIX,Development,Ireland,5
HPDEU012,HP-UX,Production,Germany,12
STIRL027,Solaris,Testing,Ireland,27
LIITA007,Linux,Integration,Italy,7
APFRA010,AIX,Production,France,10
LDESP011,Linux,Development,Spain,11
HTESP006,HP-UX,Testing,Spain,6
LIDEU014,Linux,Integration,Germany,14
LTDEU033,Linux,Testing,Germany,33
LPESP030,Linux,Production,Spain,30
LPESP031,Linux,Production,Spain,31
LIIRL016,Linux,Integration,Ireland,16
STIRL028,Solaris,Testing,Ireland,28
LPIRL049,Linux,Production,Ireland,49
SSITA019,Solaris,Staging,Italy,19
ATESP010,AIX,Testing,Spain,10
STESP012,Solaris,Testing,Spain,12
ATDEU019,AIX,Testing,Germany,19
LTDEU034,Linux,Testing,Germany,34
HTIRL013,HP-UX,Testing,Ireland,13
STFRA010,Solaris,Testing,France,10
HIITA001,HP-UX,Integration,Italy,1
AINOR001,AIX,Integration,Norway,1
SSNOR008,Solaris,Staging,Norway,8
LPIRL050,Linux,Production,Ireland,50
ADITA003,AIX,Development,Italy,3
APDEU025,AIX,Production,Germany,25
SIIRL009,Solaris,Integration,Ireland,9
LTDEU035,Linux,Testing,Germany,35
LPDEU032,Linux,Production,Germany,32
LTIRL047,Linux,Testing,Ireland,47
SPITA015,Solaris,Production,Italy,15
LTDEU036,Linux,Testing,Germany,36
SDDEU015,Solaris,Development,Germany,15
HSITA004,HP-UX,Staging,Italy,4
LTIRL048,Linux,Testing,Ireland,48
LTIRL049,Linux,Testing,Ireland,49
SPIRL041,Solaris,Production,Ireland,41
LSIRL028,Linux,Staging,Ireland,28
ASITA010,AIX,Staging,Italy,10
LIESP012,Linux,Integration,Spain,12
ASDEU016,AIX,Staging,Germany,16
HPFRA004,HP-UX,Production,France,4
LSITA017,Linux,Staging,Italy,17
LTIRL050,Linux,Testing,Ireland,50
SSDEU022,Solaris,Staging,Germany,22
LPESP032,Linux,Production,Spain,32
SSIRL028,Solaris,Staging,Ireland,28
ATFRA005,AIX,Testing,France,5
ASFRA005,AIX,Staging,France,5
LDIRL016,Linux,Development,Ireland,16
LSDEU031,Linux,Staging,Germany,31
APESP011,AIX,Production,Spain,11
HTITA002,HP-UX,Testing,Italy,2
LTDEU037,Linux,Testing,Germany,37
STESP013,Solaris,Testing,Spain,13
SSDEU023,Solaris,Staging,Germany,23
SSIRL029,Solaris,Staging,Ireland,29
SPESP025,Solaris,Production,Spain,25
HSIRL012,HP-UX,Staging,Ireland,12
LSNOR009,Linux,Staging,Norway,9
SPITA016,Solaris,Production,Italy,16
LTIRL051,Linux,Testing,Ireland,51
LTFRA016,Linux,Testing,France,16
LDIRL017,Linux,Development,Ireland,17
HPDEU013,HP-UX,Production,Germany,13
LSIRL029,Linux,Staging,Ireland,29
SDITA007,Solaris,Development,Italy,7
HTESP007,HP-UX,Testing,Spain,7
LTIRL052,Linux,Testing,Ireland,52
LDDEU009,Linux,Development,Germany,9
SSDEU024,Solaris,Staging,Germany,24
HPIRL009,HP-UX,Production,Ireland,9
APDEU026,AIX,Production,Germany,26
ATESP011,AIX,Testing,Spain,11
SPITA017,Solaris,Production,Italy,17
LSDEU032,Linux,Staging,Germany,32
LSIRL030,Linux,Staging,Ireland,30
ATITA012,AIX,Testing,Italy,12
LTESP017,Linux,Testing,Spain,17
STNOR011,Solaris,Testing,Norway,11
ASESP012,AIX,Staging,Spain,12
SPIRL042,Solaris,Production,Ireland,42
LIIRL017,Linux,Integration,Ireland,17
SPNOR009,Solaris,Production,Norway,9
SPIRL043,Solaris,Production,Ireland,43
STFRA011,Solaris,Testing,France,11
LDNOR007,Linux,Development,Norway,7
LDESP012,Linux,Development,Spain,12
LTIRL053,Linux,Testing,Ireland,53
SPIRL044,Solaris,Production,Ireland,44
HSIRL013,HP-UX,Staging,Ireland,13
HPDEU014,HP-UX,Production,Germany,14
LTESP018,Linux,Testing,Spain,18
LSFRA011,Linux,Staging,France,11
LTESP019,Linux,Testing,Spain,19
ATITA013,AIX,Testing,Italy,13
STIRL029,Solaris,Testing,Ireland,29
LPIRL051,Linux,Production,Ireland,51
SSNOR009,Solaris,Staging,Norway,9
LSIRL031,Linux,Staging,Ireland,31
SPESP026,Solaris,Production,Spain,26
LDDEU010,Linux,Development,Germany,10
SDITA008,Solaris,Development,Italy,8
HPDEU015,HP-UX,Production,Germany,15
APESP012,AIX,Production,Spain,12
LSESP023,Linux,Staging,Spain,23
APIRL022,AIX,Production,Ireland,22
SPDEU031,Solaris,Production,Germany,31
LTDEU038,Linux,Testing,Germany,38
APIRL023,AIX,Production,Ireland,23
LSFRA012,Linux,Staging,France,12
ASITA011,AIX,Staging,Italy,11
SPDEU032,Solaris,Production,Germany,32
ASIRL021,AIX,Staging,Ireland,21
ATESP012,AIX,Testing,Spain,12
LPIRL052,Linux,Production,Ireland,52
LTFRA017,Linux,Testing,France,17
SDITA009,Solaris,Development,Italy,9
LDIRL018,Linux,Development,Ireland,18
LSESP024,Linux,Staging,Spain,24
SPIRL045,Solaris,Production,Ireland,45
STFRA012,Solaris,Testing,France,12
ADESP003,AIX,Development,Spain,3
HPIRL010,HP-UX,Production,Ireland,10
LIIRL018,Linux,Integration,Ireland,18
STESP014,Solaris,Testing,Spain,14
HTITA003,HP-UX,Testing,Italy,3
HPESP007,HP-UX,Production,Spain,7
HSITA005,HP-UX,Staging,Italy,5
LDNOR008,Linux,Development,Norway,8
SIITA005,Solaris,Integration,Italy,5
ATITA014,AIX,Testing,Italy,14
LSITA018,Linux,Staging,Italy,18
LSIRL032,Linux,Staging,Ireland,32
APIRL024,AIX,Production,Ireland,24
LPIRL053,Linux,Production,Ireland,53
STESP015,Solaris,Testing,Spain,15
LPITA022,Linux,Production,Italy,22
SPNOR010,Solaris,Production,Norway,10
SDIRL016,Solaris,Development,Ireland,16
LIIRL019,Linux,Integration,Ireland,19
SPITA018,Solaris,Production,Italy,18
SPESP027,Solaris,Production,Spain,27
SDESP007,Solaris,Development,Spain,7
HTFRA005,HP-UX,Testing,France,5
SIFRA005,Solaris,Integration,France,5
SIITA006,Solaris,Integration,Italy,6
SSIRL030,Solaris,Staging,Ireland,30
HPIRL011,HP-UX,Production,Ireland,11
LIIRL020,Linux,Integration,Ireland,20
LTFRA018,Linux,Testing,France,18
LSIRL033,Linux,Staging,Ireland,33
ASIRL022,AIX,Staging,Ireland,22
LPNOR010,Linux,Production,Norway,10
SPNOR011,Solaris,Production,Norway,11
ATIRL018,AIX,Testing,Ireland,18
APIRL025,AIX,Production,Ireland,25
SPDEU033,Solaris,Production,Germany,33
APESP013,AIX,Production,Spain,13
SIIRL010,Solaris,Integration,Ireland,10
HPESP008,HP-UX,Production,Spain,8
LDIRL019,Linux,Development,Ireland,19
LTDEU039,Linux,Testing,Germany,39
LTDEU040,Linux,Testing,Germany,40
SSITA020,Solaris,Staging,Italy,20
HPIRL012,HP-UX,Production,Ireland,12
LPDEU033,Linux,Production,Germany,33
SPIRL046,Solaris,Production,Ireland,46
ASESP013,AIX,Staging,Spain,13
ADESP004,AIX,Development,Spain,4
ASITA012,AIX,Staging,Italy,12
LPNOR011,Linux,Production,Norway,11
HPNOR004,HP-UX,Production,Norway,4
AIDEU005,AIX,Integration,Germany,5
SINOR003,Solaris,Integration,Norway,3
LPESP033,Linux,Production,Spain,33
LSIRL034,Linux,Staging,Ireland,34
STIRL030,Solaris,Testing,Ireland,30
APESP014,AIX,Production,Spain,14
HTNOR002,HP-UX,Testing,Norway,2
SPITA019,Solaris,Production,Italy,19
STIRL031,Solaris,Testing,Ireland,31
LTESP020,Linux,Testing,Spain,20
SPFRA013,Solaris,Production,France,13
SSDEU025,Solaris,Staging,Germany,25
LPITA023,Linux,Production,Italy,23
SDFRA007,Solaris,Development,France,7
SSDEU026,Solaris,Staging,Germany,26
LSIRL035,Linux,Staging,Ireland,35
SPDEU034,Solaris,Production,Germany,34
SSNOR010,Solaris,Staging,Norway,10
SSIRL031,Solaris,Staging,Ireland,31
LTESP021,Linux,Testing,Spain,21
LPIRL054,Linux,Production,Ireland,54
APIRL026,AIX,Production,Ireland,26
STIRL032,Solaris,Testing,Ireland,32
SPDEU035,Solaris,Production,Germany,35
SSIRL032,Solaris,Staging,Ireland,32
SPIRL047,Solaris,Production,Ireland,47
LSIRL036,Linux,Staging,Ireland,36
LTFRA019,Linux,Testing,France,19
SSNOR011,Solaris,Staging,Norway,11
SPESP028,Solaris,Production,Spain,28
LSITA019,Linux,Staging,Italy,19
LPESP034,Linux,Production,Spain,34
SSESP014,Solaris,Staging,Spain,14
APESP015,AIX,Production,Spain,15
LSITA020,Linux,Staging,Italy,20
